full_text,sentiment
saksikan konser amp launching mini album   free entry   di kampoeng popsa  wita,positive
yg lain jg vote dong yuk rt  aku udah vote finalis kompetisi duet bareng iwan fals di konser suara negeri bandung ,neutral
colek bos nya kickfest   rt  bang main di kickfest malang dong kangen nih pengen liat konser pwg live ,positive
ipang bip bangga terlibat di konser generasi muda untuk cinta pohon dan hutan ,positive
saksikan konser amp launching mini album   free entry   di kampoeng popsa  wita,positive
coboy junior akan menggelar konser terakhir mereka intip infonya di  ,negative
konser perpisahan coboy junior bakal ukir sejarah belum ada sejarahnya di indonesia farewell concert jadi i ,negative
ini alasan coboy junior bubar di konser ke  infotainment   via ,negative
kangen para akademia yg sudah tereliminasi yuup mereka akan kembali dlm konser new afi eclub live meis ancol malam ini pkldi indosiar,positive
foto bubar coboy junior gelar konser perpisahan ,negative
lebih intim dengan fans bono u ingin gelar konser di indoor ,positive
ipang bip bangga terlibat di konser generasi muda untuk cinta pohon dan hutan  via ,positive
stone temple pilots batal konser di indonesiamau tahu alasannya saksikan  pkl  yaa,negative
yuk berikan dukungan pd  finalis konser netmovement bandung untuk berduet bersama iwan fals di  ,positive
yuk berikan dukungan pd  finalis konser netmovement bandung untuk berduet bersama iwan fals di  ,positive
ipang bip bangga terlibat di konser generasi muda untuk cinta pohon dan hutan  via ,positive
aakhirnyaaa rt  cc    konferensi pers konser perpisahan coboy junior,negative
 setelah konser perpisahan  februari nanti coboy junior akan tinggal kenangan,negative
 buah jerih payah semester ini terbyr dngn ipk sempurna dn dpt hadiah nonton konser  ,neutral
    konser    at grand pacific hall  rsvp   ,neutral
 konferensi pers konser perpisahan coboy junior,negative
ipang bip bangga terlibat di konser generasi muda untuk cinta pohon dan hutan ,positive
bubar coboy junior menggelar konser perpisahan ,negative
vote konser netmovement suara untuk negeri dibuka sampai tgl  feb so buruan berpartisipasi dukung finalis favorit km ,positive
vote konser netmovement suara untuk negeri dibuka sampai tgl  feb so buruan berpartisipasi dukung finalis favorit km ,positive
untuk dptin tiket nonton konser kita di malaysia gampang bgt kok  cukup gabung di  amp kumpulkan poinnya  ,negative
yuk vote video favoritmu disini  dukung mereka utk duet bersama iwan fals di konser netmovement ,positive
yuk vote video favoritmu disini  dukung mereka utk duet bersama iwan fals di konser netmovement ,positive
kalo gak salah di palangkarayart      oiya versi konser konser dimana min,negative
versi konser ituprt       hahah,neutral
bubar coboy junior gelar konser perpisahan  tempoco  ,negative
 konser perpisahan kiki cs siap tinggalkan nama coboy junior,negative
 feb konser  tahun erros djarot berkarya i plenary hall jcc i iwan fals the sigit etc i info ,neutral
pastikan bubar coboy junior gelar konser perpisahan  halloriau,negative
buat yg kemarin nggak hadir di konser amal helo  di hrc  jkt hadir deh sekarang di konser amal helo di colosseum  jkt,positive
gimana kang ridwan  rt  pak  temenin nonton konser irreplaceable atuh yuk biar ngegalau bareng  ,negative
bubar coboy junior gelar konser perpisahan ,negative
 konser amal once disawer rp  juta,positive
 adalah tema konser amal malam ini di     brg musisi lain seperti once kikan dll akn tampil lagi,negative
mungkin kalo konser kan kita bisa undang   mereka kan juga penghuni tribun utara  cc  ,positive
nasib coboy junior masih gelap ini konser terakhir pakai nama coboy junior dan konser terakhir mereka beremp ,negative
sebelum bubar coboy junior gelar konser perpisahan ,negative
akupun mau  rt  kartupos kalo ada konser coldplay yg deket lagi kabarin dong d,positive
biasanya aku bikin trip kalau sudah ngerasain sendiri suka sama iceland aku bikin cinta sama new york buat seneng nonton konser ayo,positive
 net ingin beri apresiasi bagi kamu yg komen keren bagi konser iwan fals suara untuk negeri medan buat kamu yg akunnya mimin sebut,negative
 slamathnd udh bikinalbumbuatlgu terpopulerdptrekorduniakonser dilebih negaradptpenghargaanampmemilikifansterbanyak ,neutral
bubar coboy junior adakan konser perpisahan ,negative
idol grupnya pinter ngasilin banyak duit penggemarnya ya bego nabung buat nonton konser pengen foto bareng hrs ngedit salaman bayar,positive
apa makna konser perpisahan coboy junior ,negative
kapan lagi nonton konser  mumpung dekat di cirebon lho tiketnya hub  atau ,negative
coboy junior siap gelar konser perpisahan ,negative
konser megah di  tahun erros djarot berkarya dapatkan tiketnya di sini  plenary hall jcc  februari ,positive
setelah konser perpisahan  februari nanti coboy junior bubar ,negative
setelah konser perpisahan  februari nanti coboy junior akan tinggal kenangan ,negative
hadiahnya  tiket konser bruno mars  moonshine jungle tour untuk  pasangan yang beruntung d ayoo ikutan ,negative
konser  tahun erros djarot berkarya ,positive
glenn fredly konser teater sabda rindu   mar   graha bakti budaya taman ismail marzuki  ,positive
"konser peduli bencana 
 ",negative
bap siap adakan konser eksklusif maret mendatang ,positive
 konser koin slank kumpulkan rp  juta untuk manado,positive
showbiz konser puluhan musisi bantu korbgan sinabung ,negative
sebentar lagi akan ada kuis  berhadiah  free entry pass konser  di   tgl  ,negative
saksikan konser amp launching mini album   free entry   di kampoeng popsa  wita,positive
abdee slank dkk gelar konser amal untuk korban bencana alam ,negative
 di konser  tadi malam personil slank ada yg mendadak lelang gitar lho gt  ,negative
 niall horan temui taylor swift sebelum konser di inggris,neutral
hadir yah di konser amal  colosseum club  jkt sore ini mulai jam  wib hari ini   ,positive
dara beberkan persiapan ne menjelang konser ,positive
inilah lay out dan harga tiket konser cherrybelle di cirebon  pembelian tiket hub  atau ,positive
minggu dpn mulai live di konser nominasisetiap hari juga pk wib rt   info  ,positive
smg berkah tadi malam ada yang kasih sumbangan di konser senandung untuk negeri sebanyak  juta rupiah tunai o,positive
 peduli bencana para musisi hebat gelar konser koin,positive
supergirlies ngedangdut idp akustikan di konser koin  via ,neutral
supergirlies ngedangdut idp akustikan di konser koin ,neutral
mudahan aja ada yg ngundang kesana ya   kak vy kapan nih gelar konser di  ,positive
dengan menyesal menginformasikan pembatalan konser di cengkareng  feb karena masalah perijinan dari kepolisian ,negative
bandung bersiap ya konser suara untuk negeri bersama iwan fals akan datang ke kotamu  ,positive
bandung bersiap ya konser suara untuk negeri bersama iwan fals akan datang ke kotamu  ,positive
konser koin sumbang rp  juta untuk manado ,negative
konser koin sumbang rp  juta untuk manado  via ,negative
 gan nadila fleur special konser semarang nya k oke cod minggu tgl  ya,positive
 gelar konser perpisahan tanda coboy junior bakal bubar kabar meng  local breaking news,negative
video abdee slank dkk gelar konser amal untuk korban bencana alam ,negative
michael learns to rock bakal konser di gandaria city jakarta michael learns to rock menyambangi jakarta dalam ,positive
seni  bantu korban bencana puluhan artis gelar konser   ,negative
liputan malam   konser penghormatan the beatles ,negative
abdee slank dkk gelar konser amal untuk korban bencana alam  ,negative
gitar abdee slank terjual rp  juta di konser senandung untuk negeri ,positive
slank cherrybelle pee wee gaskins meriahkan konser amal untuk manado ,positive
abdee slank dkk gelar konser amal untuk korban bencana alam ,negative
 gelar konser perpisahan coboy junior resmi lepas iqbaal,negative
 dari cherrybelle u konser di cirebon maret     ,negative
kapan lagi nonton konser  mumpung dekat di cirebon lho tiketnya hub  atau ,negative
saksikan konser suara untuk negeri  feb jam pm di lap brigif  kujang bandung gratis  ,negative
saksikan konser suara untuk negeri  feb jam pm di lap brigif  kujang bandung gratis  ,negative
sumbangan masuk konser amal  rpribu n donasi bisa ke rek bca  an bersama andre jo sumual dan angling gading martin,positive
  tahun berkiprah repvblik siapkan konser akbar gratis,positive
 sony music indonesiaoptimisamp akan tetap berusaha agar one direction bisa konser di indonesia untuk where we are tour nanti,negative
korban banjir manado diusir dalam konser amal ,negative
 kahitna isinya pernakpernik soulmate   tiket konser  kesempatan dapet backstage access cek tweet sebelum ini ya ,positive
saksikan konser amp launching mini album   free entry   di kampoeng popsa  wita,positive
yg lain jg vote dong yuk rt  aku udah vote finalis kompetisi duet bareng iwan fals di konser suara negeri bandung ,neutral
colek bos nya kickfest   rt  bang main di kickfest malang dong kangen nih pengen liat konser pwg live ,positive
ipang bip bangga terlibat di konser generasi muda untuk cinta pohon dan hutan ,positive
saksikan konser amp launching mini album   free entry   di kampoeng popsa  wita,positive
coboy junior akan menggelar konser terakhir mereka intip infonya di  ,negative
konser perpisahan coboy junior bakal ukir sejarah belum ada sejarahnya di indonesia farewell concert jadi i ,negative
ini alasan coboy junior bubar di konser ke  infotainment   via ,negative
kangen para akademia yg sudah tereliminasi yuup mereka akan kembali dlm konser new afi eclub live meis ancol malam ini pkldi indosiar,positive
foto bubar coboy junior gelar konser perpisahan ,negative
lebih intim dengan fans bono u ingin gelar konser di indoor ,positive
ipang bip bangga terlibat di konser generasi muda untuk cinta pohon dan hutan  via ,positive
stone temple pilots batal konser di indonesiamau tahu alasannya saksikan  pkl  yaa,negative
yuk berikan dukungan pd  finalis konser netmovement bandung untuk berduet bersama iwan fals di  ,positive
yuk berikan dukungan pd  finalis konser netmovement bandung untuk berduet bersama iwan fals di  ,positive
ipang bip bangga terlibat di konser generasi muda untuk cinta pohon dan hutan  via ,positive
aakhirnyaaa rt  cc    konferensi pers konser perpisahan coboy junior,negative
 setelah konser perpisahan  februari nanti coboy junior akan tinggal kenangan,negative
 buah jerih payah semester ini terbyr dngn ipk sempurna dn dpt hadiah nonton konser  ,neutral
    konser    at grand pacific hall  rsvp   ,neutral
pertama  dzikir bersama u persebaya kedua  konser gratis bertujuan edukasi  sosialisasi perbedaan persebaya,positive
yg gak sempat nyumbang semalam malam ini ada lagi konser amal dari teman    di  jkt kota tua,negative
bono u inginkan konser di indoor ,positive
karaoke lagu ungu favorit kamu dan kita bakalan kasih kamu tiket nonton konser kamu di kuala lumpur mau tekan  dari hpmu ,positive
ikuttt   konser tribute to  at dago tea housebe there ya temans bakal tampil bawain ketika cinta,positive
fotofoto preskon konser perpisahan coboy junior ,negative
iya knp gak dr taun lalu rt  pasti u sedih kak  gelar konser perpisahan ini alasan coboy junior bubar,negative
km udh bs vote  finalis yg jd favorit km utk konser netmovement bandung di   cc ,neutral
km udh bs vote  finalis yg jd favorit km utk konser netmovement bandung di   cc ,neutral
km udh bs vote  finalis yg jd favorit km utk konser netmovement bandung di   cc ,neutral
km udh bs vote  finalis yg jd favorit km utk konser netmovement bandung di   cc ,neutral
gelar konser perpisahan ini alasan coboy junior bubar  via ,negative
alhamdulilah baik  datang aja pas konser  insyaallah bisa ketemu,positive
ada  finalis terpilih amp akan dipilih satu oleh bang iwan fals untuk berduet bersama di konser netmovement bandung ,positive
ada  finalis terpilih amp akan dipilih satu oleh bang iwan fals untuk berduet bersama di konser netmovement bandung ,positive
insyaallah tgl  feb jam  sore  mudahan teman ade bisa sampai konser,positive
coboy junior siap gelar konser perpisahan ,negative
apa makna konser perpisahan coboy junior  via ,negative
aktor dan penyanyi asal korea selatan  telah mengadakan konser solonya di rusia simak  ,negative
 resmi bubar coboy junior siapkan konser perpisahan,negative
nasib coboy junior masih gelap ini konser terakhir pakai nama coboy junior dan konser terakhir mereka beremp ,negative
sebelum bubar coboy junior gelar konser perpisahan ,negative
akupun mau  rt  kartupos kalo ada konser coldplay yg deket lagi kabarin dong d,positive
biasanya aku bikin trip kalau sudah ngerasain sendiri suka sama iceland aku bikin cinta sama new york buat seneng nonton konser ayo,positive
 net ingin beri apresiasi bagi kamu yg komen keren bagi konser iwan fals suara untuk negeri medan buat kamu yg akunnya mimin sebut,negative
 slamathnd udh bikinalbumbuatlgu terpopulerdptrekorduniakonser dilebih negaradptpenghargaanampmemilikifansterbanyak ,neutral
bubar coboy junior adakan konser perpisahan ,negative
idol grupnya pinter ngasilin banyak duit penggemarnya ya bego nabung buat nonton konser pengen foto bareng hrs ngedit salaman bayar,positive
apa makna konser perpisahan coboy junior ,negative
kapan lagi nonton konser  mumpung dekat di cirebon lho tiketnya hub  atau ,negative
coboy junior siap gelar konser perpisahan ,negative
konser megah di  tahun erros djarot berkarya dapatkan tiketnya di sini  plenary hall jcc  februari ,positive
setelah konser perpisahan  februari nanti coboy junior bubar ,negative
setelah konser perpisahan  februari nanti coboy junior akan tinggal kenangan ,negative
hadiahnya  tiket konser bruno mars  moonshine jungle tour untuk  pasangan yang beruntung d ayoo ikutan ,negative
konser  tahun erros djarot berkarya ,positive
glenn fredly konser teater sabda rindu   mar   graha bakti budaya taman ismail marzuki  ,positive
"konser peduli bencana 
 ",negative
bap siap adakan konser eksklusif maret mendatang ,positive
 konser koin slank kumpulkan rp  juta untuk manado,positive
showbiz konser puluhan musisi bantu korbgan sinabung ,negative
sebentar lagi akan ada kuis  berhadiah  free entry pass konser  di   tgl  ,negative
saksikan konser amp launching mini album   free entry   di kampoeng popsa  wita,positive
abdee slank dkk gelar konser amal untuk korban bencana alam ,negative
 di konser  tadi malam personil slank ada yg mendadak lelang gitar lho gt  ,negative
 niall horan temui taylor swift sebelum konser di inggris,neutral
hadir yah di konser amal  colosseum club  jkt sore ini mulai jam  wib hari ini   ,positive
dara beberkan persiapan ne menjelang konser ,positive
inilah lay out dan harga tiket konser cherrybelle di cirebon  pembelian tiket hub  atau ,positive
minggu dpn mulai live di konser nominasisetiap hari juga pk wib rt   info  ,positive
smg berkah tadi malam ada yang kasih sumbangan di konser senandung untuk negeri sebanyak  juta rupiah tunai o,positive
 peduli bencana para musisi hebat gelar konser koin,positive
supergirlies ngedangdut idp akustikan di konser koin  via ,neutral
supergirlies ngedangdut idp akustikan di konser koin ,neutral
mudahan aja ada yg ngundang kesana ya   kak vy kapan nih gelar konser di  ,positive
dengan menyesal menginformasikan pembatalan konser di cengkareng  feb karena masalah perijinan dari kepolisian ,negative
bandung bersiap ya konser suara untuk negeri bersama iwan fals akan datang ke kotamu  ,positive
bandung bersiap ya konser suara untuk negeri bersama iwan fals akan datang ke kotamu  ,positive
konser koin sumbang rp  juta untuk manado ,negative
konser koin sumbang rp  juta untuk manado  via ,negative
 gan nadila fleur special konser semarang nya k oke cod minggu tgl  ya,positive
 gelar konser perpisahan tanda coboy junior bakal bubar kabar meng  local breaking news,negative
video abdee slank dkk gelar konser amal untuk korban bencana alam ,negative
michael learns to rock bakal konser di gandaria city jakarta michael learns to rock menyambangi jakarta dalam ,positive
seni  bantu korban bencana puluhan artis gelar konser   ,negative
liputan malam   konser penghormatan the beatles ,negative
abdee slank dkk gelar konser amal untuk korban bencana alam  ,negative
gitar abdee slank terjual rp  juta di konser senandung untuk negeri ,positive
slank cherrybelle pee wee gaskins meriahkan konser amal untuk manado ,positive
abdee slank dkk gelar konser amal untuk korban bencana alam ,negative
 gelar konser perpisahan coboy junior resmi lepas iqbaal,negative
 dari cherrybelle u konser di cirebon maret     ,negative
kapan lagi nonton konser  mumpung dekat di cirebon lho tiketnya hub  atau ,negative
saksikan konser suara untuk negeri  feb jam pm di lap brigif  kujang bandung gratis  ,negative
saksikan konser suara untuk negeri  feb jam pm di lap brigif  kujang bandung gratis  ,negative
sumbangan masuk konser amal  rpribu n donasi bisa ke rek bca  an bersama andre jo sumual dan angling gading martin,positive
  tahun berkiprah repvblik siapkan konser akbar gratis,positive
 sony music indonesiaoptimisamp akan tetap berusaha agar one direction bisa konser di indonesia untuk where we are tour nanti,negative
korban banjir manado diusir dalam konser amal ,negative
 kahitna isinya pernakpernik soulmate   tiket konser  kesempatan dapet backstage access cek tweet sebelum ini ya ,positive
 kami akan sesegera mungkin meminta kepastian dari dagar mreka bisa konser di indonesia tahun inisonymusicid ,negative
the cure akan rilis album baru dan dvd konser ,positive
 suara teriakan directioners saat konser theboys mencapai  desible atau sama dgn bunyi pesawat saat mau terbang ,negative
aria senang bisa konser di kampung halaman ,positive
musisi  amp  mengisi acara konser amal untuk sinabung ,positive
bono ingin u kembali konser di indoor ,positive
bono ingin u kembali konser di indoor ,positive
 tiket vip hanya k dpt early entry glowstick official poster konser beli sekarang  yuk,positive
bcl sempatkan nonton film dan konser dengan suami ,negative
 gelar konser perpisahan coboy junior bubar,negative
jangan lewatkan kesempatan besar duet bersama iwan fals di konser suara untuk negeri cek infonya  ,negative
jangan lewatkan kesempatan besar duet bersama iwan fals di konser suara untuk negeri cek infonya  ,negative
inilah lay out dan harga tiket konser cherrybelle di cirebon  pembelian tiket hub  atau ,positive
glenn fredly konser teater sabda rindu   mar   graha bakti budaya taman ismail marzuki  ,positive
wohoo  akan konser tour dunia  cc ,negative
gelar konser perpisahan coboy junior bubar ,negative
malam ini slank bakal tampil di konser amal  help everybody loves others di hard rock cafe  jkt klikgt ,positive
family midi udah tau kalo il divo mau konser lagi tau tapi bingung beli tiketnya di alfamidi tersedia kok  ,negative
 jadi penyanyi tersibuk lorde batalkan konser di australia,negative
hi  kabar baik buat kalian akan ada konser coboyjr persembahan cinta terhebat grand pacific hall jogjakarta tgl  februari ,positive
slank once glenn fredly kerispatih siap meriahkan konser amal buat manado senandung untuk negeri ,positive
slank once glenn fredly kerispatih siap meriahkan konser amal buat manado senandung untuk negeri ,positive
kisah kerjasama iwan fals dan net wujudkan konser ,positive
gelar konser perpisahan coboy junior resmi lepas iqbaal ,negative
gelar konser perpisahan coboy junior resmi lepas iqbaal ,negative
luna sea akan mengadakan konser di dua arena pada akhir tahun  baca selengkapnya   ,negative
useetv akan siarkan konser  tahun karya erros djarot ,positive
 intip behind the scene persiapan konser ne,positive
saksikan konser amp launching mini album   free entry   di kampoeng popsa  wita,positive
jakarta event konser ari lasso sparkling night februari    ,neutral
konser megah di  tahun erros djarot berkarya dapatkan tiketnya di sini  plenary hall jcc  februari ,positive
joss ini terinspirasi dari konser tahun lalu ya  rt  iseng buat ngisi liburan nih mas pendapatnyahehe ,positive
mau  tiket gratis nonton konser michael learns to rock klik ini aja ,positive
pengen nonton konser bandung dekade alfamidi jual tiketnya lho cari tau info harganya di ,negative
" gitaris tampil di konser amal
 ",positive
bcl sempatkan nonton film dan konser dengan suami ,negative
tribun jakarta bcl sempatkan nonton film dan konser dengan suami meski harus mengurus   ,negative
siapa yang masih simpen tiket konser jrocks satu dekade  november  waktu lalu coba mana buktinya d,negative
hai kabar baik buat kamu tiket konser coboy junior persembahan cinta terhebat grand pacific hall jogjakarta tgl  februari ,positive
franz ferdinand siap konser dengan setlist spesial ,positive
hai kabar baik buat kamu tiket konser coboy junior persembahan cinta terhebat grand pacific hall jogjakarta tgl  februari  next,positive
harmoni adalah cinta yang murni karena cinta adalah sebuah konser tanpa cinta dunia tidak akan bisa bertahan hidup sampai sekarang ini,negative
 pasti nanti ada yg bawa tp tahun ini lg kurang bagus buat konser dolar lg menggila,negative
kamu akan menemukan pernakpernik soulmate  tiket konser kesempatan backstage access semuanya di dalem  ,positive
pengen nonton konser bandung dekade alfamidi jual tiketnya lho cari tau info harganya di ,negative
  kepalaku konser smash cenat cenut yes  hehe gt poke  d,positive
one direction akan segera melaksanakan konser dunia selengkapnya watch this,negative
stone temple pilots batal konser di jakarta ,negative
glenn fredly konser teater sabda rindu  mar   graha bakti budaya taman ismail marzuki jakarta  ,positive
  suka triak sendiri klo nonton konser bias lewat pctvpadahal ga nonton konsernya langsung,negative
besok konser charity untuk manado   feb at  ,positive
iya fixed   kak besok fix konser di purwokerto kan please bales ya kak,negative
konser stone temple pilots with chester bennington di jakarta dibatalkan ,neutral
the cure akan rilis album baru dvd konser dan rencanakan tur  ,positive
gelar konser di london taylor swift dapat kejutan ,positive
taylor swift sempat hadapi fans nekat saat konser di london ,positive
family midi pengen banget nonton konser bandung dekade beli tiketnya di alfamidi aja d gt   ,positive
 taylor swift sempat hadapi fans nekat saat konser di london  read more ,positive
tanggal  februari  di hard rock cafe bali tim rumble cloth bali rmbl akan mengadakan konser amal untuk ,negative
sumbangan masuk konser amal  rpribu n donasi bisa ke rek bca  an bersama andre jo sumual dan angling gading martin,positive
besok slank bakal tampil di di konser amal  help everybody loves others gt   hadir ya ,positive
yah stone temple pilots batal konser di jakarta ,negative
buat kmu warga  ingat  maret  ada konser  di swissbelhotel cirebon tiket di  amp ,positive
useetv akan siarkan konser  tahun karya erros djarot ,positive
 gelar konser di australia justin bieber sewa  striptease,positive
dari cherrybelle untuk konser di cirebon  maret    hub  atau ,negative
pastikan segera konser duo eunhae rilis single baru ,positive
stone temple pilots batal konser di jakarta ,negative
stone temple pilots batal konser di jakarta ,negative
pastikan segera konser duo eunhae rilis single baru ,positive
oleh dr teman yg mengabadikan sikat new upld to youtube  in konser amal  ,positive
terima kasih terima kasih  new upld to youtube  in konser amal  ,positive
stone temple pilots batal konser di jakarta ,negative
stone temple pilots with chester bennington batal konser di jakarta ,negative
konser megah di  tahun erros djarot berkarya dapatkan tiketnya di sini  plenary hall jcc  februari ,positive
buruan beli tiket   mar nanti personilnya udah  orang lho pas konser di cirebon hub   ,positive
saksikan konser amp launching mini album   free entry   di kampoeng popsa  wita,positive
 video beyonce jadi tamu tak diundang di konser jay z,negative
konser gamelan akbar   februari   depan benteng vastenburg   ,neutral
stone temple pilots batal konser di jakarta  via ,negative
stone temple pilots batal konser di jakarta ,negative
april exo siap adakan konser pertama mereka di jepang  via ,positive
park jung min akan gelar konser solo di rusia  ,positive
useetv akan siarkan konser  tahun karya erros djarot ,positive
duh ada penyusup naik ke panggung konser taylor swift ,negative
shinee ungkap teaser untuk konser shinee world iii in seoul  ,neutral
lo lagi pacaran apa nonton konser dangdut sih ricuh mulu,negative
gue alay yang gaul cuma anakanak yang nonton konser make helm,negative
foto musikimia kikan kadrijimmosoundscape di konser indonesia keren ,positive
foto musikimia kikan kadrijimmosoundscape di konser indonesia keren ,positive
 inggris adalah negara pertama yg paling banyak menginginkan d konser di negara merekayg ke  indonesia lalu filipina amp irlandia ,positive
saksikan konser amp launching mini album   free entry   di kampoeng popsa  wita,positive
min maksut dari exo greeting party in japan apah   konser kecil kecilan kaya showcase gitu  ,negative
konser stone temple pilots with chester bennington dibatalkan ,neutral
 kabarnya dakan konser di indonesia tgl oktober  di meis ancoltapi kabar ini blm di konfirmasi oleh d sendiriampsonymusicid ,positive
 ane kmrin beli dvd konser,negative
stone temple pilots batal konser di jakarta ,negative
konser stone temple pilots with chester bennington di jakarta resmi batal ,negative
stone temple pilots with chester bennington batalkan konser di jakarta   ,negative
konser megah di  tahun erros djarot berkarya dapatkan tiketnya di sini  plenary hall jcc  februari ,positive
pasti  rt  slalu akan terus ditunggu konser di semaramg ,positive
excited kita udh mulai latihan utk konser di singapura yg mau dptin tiketnyaaktifin dulu  ungu caranya tekan ,negative
dari cherrybelle untuk konser di cirebon  maret     tiket hub   ,negative
 resmi ikut non ton konser winxs  kan di singapore nanti see you ya,positive
ikut yuk lomba di  berhadiah kamera slr tab dan tiket konser raisa info  ,negative
ikut yuk lomba di  berhadiah kamera slr tab dan tiket konser raisa info  ,negative
  noah  mil versi reguler berkisah tentang momenmomen penting konser noah di  benua  negaragtgtgt ,negative
karakter anak yang lahir di tahun kuda kayu mereka sangat menimati acaraacara seperti konser dan teater kar ,negative
konser koes plus jadi aksi panggung murry yang terakhir ,negative
 ku kirimi lg cecara dftr nsnsm mana video konser kmrn,neutral
jakarta event konser ari lasso sparkling night februari    ,neutral
kesempatan kamu untuk nonton konser  di  masih ada loh buruan beli tiketnya di  amp ,positive
mng and mini konser you are smsh we are smshblast   november  jam selesai  graha waris sejahtera solo,positive
konser gamelan akbar  sahita blacius subono amp dedek wahyudi    feb  benteng vastenburg ,neutral
april exo siap adakan konser pertama mereka di jepang  via ,positive
  liat  brsn d mr tukul jd kangen dengerin suaranya pas nyanyi danur di konser sunyaruri ,positive
segera rt     terimakasih untuk konser untuk cont ,positive
pengen nonton konser bruno mars tapi harga tiketnya ajigile mahalnyo,positive
lovebox kahitna itu isinya fan items   tiket konser irreplaceable  kesempatan backstage access mau liat tweet sebelum ini,positive
 install newsloop gratis amp share artikel favorit kamu menangkan lovebox amp  tiket konser klik gt ,positive
 contoh jenis pendapatan band musik penjualan album konser merchandise dan sbg brand ambassador ,positive
kapan lagi nonton konser  mumpung dekat di cirebon lho tiketnya hub  atau ,negative
enjoy the show rt  konser suara untuk negeri   kmrn ga bs liat eh cont ,positive
konser medan keren banget penontonnya kalian pecinta iwan fals yang di bandung juga harus rame nanti ,negative
cek ombak dulu mana yg nonton konser suara untuk negeri nya om iwan fals  ,negative
gimana konser medan seru kan  buat yang di bandung siapsiap buat konser suara untuk negeri di bandung ya ,negative
konser singing toilet untuk gunung sinabung ,positive
revolusionet mana suaranya yang mau nonton rerun konser iwan fals medan jam pm  stay tune ya ,positive
malam ini siapa yang udah siap buat nonton rerun konser suara untuk negeri iwan fals absen dulu dong  ,negative
seni  konser singing toilet aksan sjuman lelang simbal ,negative
seni  tiket konser singing toilet untuk sinabung ludes ,negative
konser singing toilet aksan sjuman lelang simbal ,negative
tiket konser singing toilet untuk sinabung ludes ,negative
 rt  terima kasih teman yg sudah drop banyak baju bekaspopokpembalut walau seat konser amal penuh salut,positive
nihmain event   konser gamelan akbar festival jenang solo solo carnival ,positive
singing toilet jadi konser amal untuk para pengungsi gunung sinabung ,positive
 ada apa sih emangnya konser di miami itu kok harus miami kenapa nahloh,negative
hadiahnya  tiket konser bruno mars  moonshine jungle tour untuk  pasangan yang beruntung d ayoo ikutan ,negative
pengen nonton konser bandung dekade alfamidi jual tiketnya lho cari tau info harganya di ,negative
saksikan konser amp launching mini album   free entry   di kampoeng popsa  wita,positive
malam ini yg diem dirumah mending nonton rerun konser suara untuk negeri bareng mimin jam pm hihihi,negative
tjakep        konser amal amp tobat nasional ajak para tokoh,positive
konser amal  dari mpi koin action hope  feb di hrc feb di colloseum sumbangan tanda masuknya min rprb,negative
      konser amal amp tobat nasional ajak para tokoh,positive
family midi udah tau kalo il divo mau konser lagi tau tapi bingung beli tiketnya di alfamidi tersedia kok  ,negative
alhamdulillah ditengah kesibukan masih bisa nungguin anak konser piano walau sebentar tapi sangat berharga ,negative
info konser amal  dari teman mpi koin actionhope kontak  hardrockcafe  colloseum club,negative
teman mpi koin actionhope present  help everybody loves others  konser amal utk  sinabung manado and jakarta  jawa area,positive
 with akang kasep  di konser simply love   bgt yaaa ,negative
 konser simply love di taman ismail marzuki     ,positive
  with  selalu   topik pagi ini konser musisi siapa sih  ,negative
 konser  denger suara merdu  kang  mas   ,positive
konser megah di  tahun erros djarot berkarya dapatkan tiketnya di sini  plenary hall jcc  februari ,positive
konser reuni koes plus jadi konser terakhir murry  via ,negative
duo eunhae bakal gelar konser di jepang ,positive
saksikan rerun konser suara untuk negeri bersama  di medan malam ini pkl  wib hanya di net,negative
ada rerun konser iwan fals suara untuk negeri jam pm  hari ini ada acara musik yang keren lagi ga min di net,negative
useetv akan siarkan konser  tahun karya erros djarot ,positive
konser new afi pagi ini pkl  wib hanya di indosiar      ,negative
agenda rangkaian hut   festival jenang solo carnival dan konser gamelan akbar ,positive
masih ada ksempatan untuk mnyaksikan konser amal untuk sinabung hayo segera dptkan tiket  langsung ke gbbtim hr ini sikaat,positive
  hmmmm emang ada apa sih konser tournya itu,negative
  nadila konser yang sebelah kiri yang pake seifuku laydown brp tuh gan ane minat dong ,negative
hadir yuk gt  jgn lupa besok sore di tim ada konser amp bazaar amal  sanitasi u  ,positive
 konser koes plus jadi aksi panggung murry yang terakhir,negative
terimakasih sudah menyaksikan konser takethat sesaat lagi masih ada ,positive
kalau tadi ada iheartradio lalu konser  nah sebentar lg akan ada  jamrud so mlm minggu kamu penuh  ,positive
 dijamin bikin kamu penuh cinta didalemnya ada special fan items ada tiket konser ga cuma  tapi  bisa dapet golden access juga,positive
kamu bisa jadi pemilik exclusive kahitna    tiket konser irreplaceable  golden access caranya gt ,positive
  install newsloop free menangkan kahitna lovebox   tiket konser caranya klik gt ,positive
mudahan rt  mdaan k dpan brani ngasi ruang jg buat pndatang bru habis konser i heart radio music festival trus,neutral
konser ini juga merupakan konser reuninya  betul tidak mimin  ,negative
selamat  kamu menang tiket festival konser  tahun erros djarot berkarya ihiy,positive
habis konser i heart radio music festival trus lanjut konser take that berani ini  main di ceruk kecil yg ditinggal mtv ,negative
karena setelah ini masih ada konser take that,negative
laser drum akan buka konser kotak ,negative
di dalam  ada fan items istimewa  couple ticket  konser   kesempatan dapet golden access ,positive
di dalam  ada soulmate items istimewa  couple ticket  konser   kesempatan dapet golden access mau,positive
malam ini konser amal   di rumah blogger indonesia jl apel  no  jajar  ,positive
malam ini  konser amal smaliska ekstern  sabtu  feb  pukul   lapsma ska gstwcs moca caboel etc  htm k,positive
yang mau tiket gratis konser  tahun erros djarot berkarya rt tweet ini ,positive
jadi pas valentine nanti tanggal  feb akan ada konser  tahun erros djarot berkarya gt ,positive
oh iya rt  malem mingguan manyun mending mantengin tlnya  dia punya lebihan tiket konser erros djarot kuisss,negative
iya tp ada konser seru kok rt   terus gak ada  dong malam ini,negative
useetv akan siarkan konser  tahun karya erros djarot ,positive
 boleh minta kontak panitia konser ada band,positive
saksikan konser amp launching mini album   free entry   di kampoeng popsa  wita,positive
eh mimin mau ingatin lg nih nanti malam ada dua konser musik ya yg bakal nemenin malam minggu km ,positive
family midi pengen banget nonton konser bandung dekade beli tiketnya di alfamidi aja d gt   ,positive
jdlah saksi lahirnya bintang dangdut masa dpn saksikan audisiampkonser nominasi stiap hari pk wib mulai  feb mar  di ,positive
  yeeaaayy bs ktmu kang    rt ga sabar buat konser  cc ,positive
konser megah di  tahun erros djarot berkarya dapatkan tiketnya di sini  plenary hall jcc  februari ,positive
 maret konser  rt   dalam waktu dekat ini ada artis lagi ngga yg ke cirebon,negative
pengen tau dong di konser mana aja lp ngecover lagu  cek  ,negative
konser yukirin akb akan dirilis dalam dvdbluray ,positive
jadi ada  org buta yg nonton konser solo murry malam itu bersama saya di purawisata,negative
  konser amal smaliska ekstern  sabtu  feb  pukul   lapsma ska gstwcs moca caboel etc  htm k,positive
 pagi sabtu didepan rumah gw ada sd yg senam pake soundsystem konser megadeth pengeng,positive
ada hari minggu pkl  rt    ada rerun konser  di cont ,positive
tatto pull trus mosing pas konser jkt,positive
sudah siap nonton konser gamelan akbar  feb  ada  sahita blacius subono amp dedek wahyudi lho ,positive
konser dangdut   minggu  februari  pkl   ndayu park sragen htm k,neutral
konser simply love seru   marioginanar  ,positive
 ran belum waktunya bikin konser tunggal,neutral
 hahahahh temen lo yang sering konser di wc,negative
catat rt  go to  or call  rt  om erros kalo mau pesen tiket konser  tahun,positive
stefany kevin dan nova berebut grand final lagi konser eliminasi new afi w uthe sammy dan once malam ini pkl  ,negative
 kali ini serunya nonton konser dilengkapi dgn nungguin  tmn yg mau foto sama kang   ,positive
sama  kang   konser na seruuudpt hadiah jg dr kuis td makasih  ,positive
  mlm ini seruampampseneng bgt bs ktemu lgs di konser  di tim  idolaku kang hedi ,negative
alhamdulillahmakasih yg udh dtg tadi di konser simply love nya  skrg wktnya tidur ngantuk bgtttt,negative
konser eliminasi new afi dimeriahkan oleh ruth sahanaya sammy simorangkir dan once saksikan jumat mulai pkl  wib hanya di indosiar,neutral
usai gagal lakukan stage diving seorang fans meninggal dunia di konser suicidal tendencies ,negative
  gedung d jogja yg biasanya dibuat acara konserpartynikahan itu dimama aja ya  yg harga dibawah jt ,positive
seorang fans meninggal usai gagal stage diving di konser suicidal tendencies ,negative
gt rt   feb mau ajak pacar ke mana mending ke konser  tahun  berkarya ticket on sale ,positive
di swiss seorang fans meninggal dunia setelah gagal lakukan stage diving saat konser suicidal tendencies ,negative
 mau tiket konser  ada  tix untuk masingmasing pemenang cek favorit twitter  ya,positive
 mau tiket konser  ada  tix untuk masingmasing pemenang cek favorit twitter  ya,positive
 mau tiket konser  ada  tix untuk masingmasing pemenang cek favorit twitter  ya,positive
konser megah di  tahun erros djarot berkarya dapatkan tiketnya di sini  plenary hall jcc  februari ,positive
 waktu ikut konser nd anniversarynya  ketemu emaknya  kupanggil hai mam salim,neutral
karena ketiadaan ijin dr kepolisian konser tgl  feb di sidoarjo diundur smp selesai pemilu tgl pasti akan diinfo selanjutnya,neutral
siap sebentar lagi bakal ada schedule  siapa tau nidji konser di kotamu,negative
konser amal  sanitasi utk sinabung yuk bantu saudara kita di sana dgn ikut menyumbang  ,positive
 mltr gelar konser di indonesia,positive
    konser tunggal coboy junior di grand pacific hall   ,negative
singing toilet konser amal untuk pengungsi sinabung   ,positive
seni  konser  tahun eros jarot berkarya digelar ,positive
konser  tahun eros jarot berkarya digelar ,positive
 nya kitu lah di dinya damang  april nongton sim kuring di tim atuh euy konser tunggal yeuh,negative
ada konser  d mnc niymantapp,positive
konser tribute  tahun  baru saja digelar  seperti apa perkembangan persiapan konser  ,negative
hihihi sekece yg nonton net  rt  asik mimin  kece juga nih mau rerun konser  juga d,positive
siap rt    rerun konser iwan fals yg kmrn donk,positive
seru lho nonton konser  bareng temen harga tiket presale masih ada hubungi  atau ,positive
the devil wears prada konser d jakarta besok dgn opening act      ,neutral
bulan juni nanti  akan mengadakan konser di singapore   via ,negative
 biaya konser mahal erros djarot minta jangan lupa korban banjir,negative
malam ini simfoni cinta hadirkan ari lasso dalam keterangan tertulis diterima warta kota konser ini disiark ,positive
 yipii tiket konser   biar uda jutaan kali  tapi gak bosen     ,negative
band indie label  sbr berulang tahun  band indie label konser ,neutral
besok  januari semua instansi diliburkan tidak ada aktifitas kecuali konser akbar  tahun  muach,negative
 sudah lihat kan keren banget duet pemenang kompetisi video dengan bang  di konser suara untuk negeri medan ,positive
konser bulanan billy joel dimulai pemusik an billy joel memulai konsernya di madison square garden di  ,positive
rayakan eksistensi di dunia musik luna sea gelar konser  ,negative
 duo eunhae bakal gelar konser di jepang,positive
 michael learns to rock siap konser valentine di pekalongan,positive
 baru balik kerja dan ga nnton konser tadi,negative
  maret vamps siap gelar konser kedua di london,positive
seru lho nonton konser  bareng temen harga tiket presale masih ada hubungi  atau ,positive
konser solo perdana cnblue di meksiko sukses dihadiri  penonton  ,positive
februari  prince akan gelar konser di london ,positive
   konser    grand pacific hall  rsvp  ,neutral
jkt bawakan dua lagu baru di konser rd generation audition ,positive
untuk anaklangit yang ada di pekalongan siapsiap nih mltr akan rayakan valentine dengan konser di pekalongan ,negative
kemarin di   pameran photo konser karya temanteman  angkatan  ,negative
  dan  akan tampil di konser amal untuk sinabung ,positive
 konser di jepang donghae  eunhyuk rilis poster ganteng,positive
glenn fredly payung teduh float akan tampil di konser amal untuk sinabung ,positive
glenn fredly payung teduh float akan tampil di konser amal untuk sinabung ,positive
family midi pengen banget nonton konser bandung dekade beli tiketnya di alfamidi aja d gt   ,positive
dateng ah mau liat mcnya rt  konser amal  sanitasi untuk sinabung  feb di gbb tim ,positive
family midi udah tau kalo il divo mau konser lagi tau tapi bingung beli tiketnya di alfamidi tersedia kok  ,negative
yang terlupakan   feat  di konser suara untuk negeri   keren mas ,negative
konser megah di  tahun erros djarot berkarya dapatkan tiketnya di sini  plenary hall jcc  februari ,positive
ungu bagi tiketakomodasi utk nonton konser kita di singapuracaranya aktifin dl  lagu unguketik mgltspasigtspore sms ke ,positive
duo eunhae bakal gelar konser di jepang ,positive
duo eunhae bakal gelar konser di jepang ,positive
   review comic  kala perampok menuntut tiket konser jkt   via ,negative
buat yang kemarin minta episode artist live perform penampilan di panggung kerennya suasana konser sore ini episode kaliaan guyyyss ,positive
masih ditunggu loh pilihan lagu di   gt  lagu dari musisi asing yang akan konser di jakarta tahun ini ,positive
tema  pagi ini gtgt  lagu dari musisi asing yang akan konser di jakarta tahun ini ,negative
foto konser iwan fals  suara untuk negeri ,positive
tanpa harus mengurangi keasyikan menonton konser berikut ini beberapa tips menghadiri konser musik yang asyik ,negative
cawanghalim hujan deras  konser geluduk sdh pada tau take care via ,negative
saat konser bigbang a in seoul minggu  leader big bang gdragon mengungkapkan jika bigbang akan comeback dimusim panas mendatang,negative
iya rt  semua peralatan konser iwan fals di medan di bawa langsung dari jakarta  ,negative
terima kasiih    btw thanks bgt ya kmaren mlm net tv dah nayangin konser iwan fals kereeennn bgt sob,positive
sabtu  feb    konser tunggal   grand pacific hall yogya  info  ,negative
mltr rayakan valentine dengan konser di pekalongan ,negative
 itu saat lo liat nenek lo nonton konser coboyjunior sampe bawa poster gede bertulis iqbaal meried me,negative
konser iwan fals sukses besar berikut liputannya are you one of the witness,positive
selanjutnya berita kesuksesan konser iwan fals di medan stay tune,negative
yaudah abis nnton aq plg  slim aku beli tiket konser raisa tapi tujuannya nonton standup mu pie ,negative
miss a rayakan keberhasilan konser perdananya ,negative
donghae amp eunhyuk super junior ungkap poster untuk konser jepang d amp e  ,negative
pumpkin tampil awali buka konser dmasiv ,negative
 konser koin sbg tanda sumbangan adalah rp ,negative
 belum ada tp konser iwan fals suara untuk negeri masih akan ke  kota di indonesia loh,positive
ikut yuk lomba di  berhadiah kamera slr tab dan tiket konser raisa info  ,negative
prince akan gelar konser di london ,positive
 belum ada tp konser iwan fals suara untuk negeri masih akan ke  kota lainnya kok,negative
konser galang dana bagi anda perdana diselenggarakan lagi malam ini ,negative
nice pic rt  lokasi mantap penonton tertib dn semangat konser luar biasaa trimakasih  ,positive
sekrang ada tayangan konser tribute to carole king yg baru saja diselenggarakan,negative
sabtu  feb    konser tunggal   grand pacific hall yogya  info  ,negative
konser galang dana bagi anda perdana diselenggarakan lagi malam ini ,negative
berteman dekat jang geun suk hadiri konser jaejoong jyj ,negative
konser megah di  tahun erros djarot berkarya dapatkan tiketnya di sini  plenary hall jcc  februari ,positive
