"conversation_id_str","created_at","favorite_count","full_text","id_str","image_url","in_reply_to_screen_name","lang","location","quote_count","reply_count","retweet_count","tweet_url","user_id_str","username"
"433888321647833094","2014-02-13T09:00:11.000Z","0","Saksikan Konser &amp; Launching Mini Album @Aligovocalmusic | FREE Entry | 16-02-2014 di Kampoeng Popsa (13.00-16.30 wita)","433888321647833094","","","in","","0","0","2","https://x.com/SupirPete2/status/433888321647833094","172790109","SupirPete2"
"432105020050251776","2014-02-08T10:53:59.000Z","0","Yg lain jg vote dong yuk RT @YuvitaDhita: Aku udah vote finalis kompetisi duet bareng Iwan Fals di Konser Suara Negeri Bandung @netmediatama","432105020050251776","","","in","","0","1","0","https://x.com/mdtvindonesia/status/432105020050251776","978808357","mdtvindonesia"
"431741711904038912","2014-02-07T10:50:20.000Z","1","colek bos nya kickfest @ryanelha :) RT @AzhaAkbar: Bang, main di kickfest malang dong. Kangen nih, pengen liat konser pwg live @PWGofficial","431741711904038912","","","in","","0","2","14","https://x.com/PWGofficial/status/431741711904038912","19279420","PWGofficial"
"431701059417800704","2014-02-07T08:08:47.000Z","0","Ipang 'BIP' Bangga Terlibat di Konser Generasi Muda untuk Cinta Pohon dan Hutan http://t.co/68PU1JYBY6","431701059417800704","","","in","","0","0","0","https://x.com/LangitMusik/status/431701059417800704","115588582","LangitMusik"
"431653556819476480","2014-02-07T05:00:02.000Z","0","Saksikan Konser &amp; Launching Mini Album @Aligovocalmusic | FREE Entry | 16-02-20 di Kampoeng Popsa (13.00-16.30 wita)","431653556819476480","","","in","","0","0","0","https://x.com/SupirPete2/status/431653556819476480","172790109","SupirPete2"
"431614883902156800","2014-02-07T02:26:22.000Z","3","Coboy Junior akan menggelar konser terakhir mereka! Intip infonya di http://t.co/LRbZqOvOuP http://t.co/0G1tCYbcWi","431614883902156800","","","in","","0","1","10","https://x.com/majalah_bobo/status/431614883902156800","181405498","majalah_bobo"
"431610098536837120","2014-02-07T02:07:21.000Z","2","Konser Perpisahan Coboy Junior Bakal Ukir Sejarah: ""Belum ada sejarahnya di Indonesia farewell concert. Jadi i... http://t.co/MQYEVmD82J","431610098536837120","","","in","","0","1","17","https://x.com/tribunpontianak/status/431610098536837120","115936810","tribunpontianak"
"431555906011029504","2014-02-06T22:32:00.000Z","0","Ini Alasan Coboy Junior Bubar di Konser ke-150 | Infotainment http://t.co/gxZ6GkpJmm  via @Kabar24","431555906011029504","","","in","","0","0","0","https://x.com/Bisniscom/status/431555906011029504","118646322","Bisniscom"
"431476293247332352","2014-02-06T17:15:39.000Z","0","Kangen para AKADEMIA yg sudah TERELIMINASI? Yuup mereka akan kembali dlm ""KONSER NEW AFI E-CLUB"" live MEIS ANCOL, MALAM INI pkl21di INDOSIAR","431476293247332352","","","in","","0","4","2","https://x.com/Indosiar/status/431476293247332352","351999221","Indosiar"
"431466492861771776","2014-02-06T16:36:42.000Z","2","FOTO: Bubar Coboy Junior Gelar Konser Perpisahan http://t.co/J5JEylFsEy","431466492861771776","","","in","","0","2","4","https://x.com/tempodotco/status/431466492861771776","18129942","tempodotco"
"431464502907768833","2014-02-06T16:28:48.000Z","2","Lebih Intim dengan Fans, Bono U2 Ingin Gelar Konser di Indoor http://t.co/NtOYcXpDNn","431464502907768833","","","in","","0","1","2","https://x.com/liputan6dotcom/status/431464502907768833","47596019","liputan6dotcom"
"431457528753291264","2014-02-06T16:01:05.000Z","4","Ipang 'BIP' Bangga Terlibat di Konser Generasi Muda untuk Cinta Pohon dan Hutan http://t.co/wROUSckwL9 via @detikhot","431457528753291264","","","in","","0","0","6","https://x.com/INDOmenanam/status/431457528753291264","382219110","INDOmenanam"
"431452525099642880","2014-02-06T15:41:12.000Z","0","Stone Temple Pilots batal konser di Indonesia..mau tahu alasannya? saksikan @ENews_NET pkl. 23.00 yaa","431452525099642880","","","in","","0","1","2","https://x.com/AdaRans_NET/status/431452525099642880","1428031314","AdaRans_NET"
"431452227287257089","2014-02-06T15:40:01.000Z","0","Yuk berikan dukungan pd 5 finalis Konser Netmovement Bandung untuk berduet bersama Iwan Fals di: http://t.co/7DDpMboKeH #NETKonserBandung","431452227287257089","","","in","","0","2","1","https://x.com/mdtvindonesia/status/431452227287257089","978808357","mdtvindonesia"
"431452227245314050","2014-02-06T15:40:01.000Z","0","Yuk berikan dukungan pd 5 finalis Konser Netmovement Bandung untuk berduet bersama Iwan Fals di: http://t.co/373S5jQhAh #NETKonserBandung","431452227245314050","","","in","","0","1","0","https://x.com/netmedia_info/status/431452227245314050","118288671","netmedia_info"
"431450473720066048","2014-02-06T15:33:03.000Z","6","Ipang 'BIP' Bangga Terlibat di Konser Generasi Muda untuk Cinta Pohon dan Hutan http://t.co/QCwsSzGOsg via @detikhot","431450473720066048","","","in","","0","1","91","https://x.com/detikcom/status/431450473720066048","69183155","detikcom"
"431450263694479360","2014-02-06T15:32:13.000Z","0","aakhirnyaaa RT @dinivaldiani: cc @midiahn “@TabloidBintang: http://t.co/bK7EMh36WB Konferensi Pers Konser Perpisahan Coboy Junior”","431450263694479360","","","in","","0","0","1","https://x.com/midiahn/status/431450263694479360","67659106","midiahn"
"431449878443876353","2014-02-06T15:30:41.000Z","2","http://t.co/UusWsKkGSI Setelah ""Konser Perpisahan"" 23 Februari Nanti, Coboy Junior Akan Tinggal Kenangan","431449878443876353","","","in","","0","0","6","https://x.com/tabloidbintang/status/431449878443876353","95854816","tabloidbintang"
"431447623333998595","2014-02-06T15:21:43.000Z","2","""@febriansaraah: buah jerih payah semester ini terbyr dngn ipk sempurna dn dpt hadiah nonton konser ... http://t.co/sSI7AwkHEI","431447623333998595","","","in","","0","2","0","https://x.com/HediYunus/status/431447623333998595","58799410","HediYunus"
"431440107246059521","2014-02-06T14:51:51.000Z","0","#Jogja 14/2/14 20.00 | Konser @KLaProject @ReinKLAnasi | at Grand Pacific Hall | RSVP 085252164343  http://t.co/rtfyyBGiIk","431440107246059521","","","en","","0","1","3","https://x.com/jalanbhakti/status/431440107246059521","84214786","jalanbhakti"
"431438590380613632","2014-02-06T14:45:50.000Z","3","http://t.co/n6XLfe2hVq Konferensi Pers Konser Perpisahan Coboy Junior","431438590380613632","","","in","","0","1","3","https://x.com/tabloidbintang/status/431438590380613632","95854816","tabloidbintang"
"431436682521370624","2014-02-06T14:38:15.000Z","1","Ipang 'BIP' Bangga Terlibat di Konser Generasi Muda untuk Cinta Pohon dan Hutan http://t.co/TwFPy7Frp1","431436682521370624","","","in","","0","0","12","https://x.com/detikhot/status/431436682521370624","137282671","detikhot"
"431432959350939648","2014-02-06T14:23:27.000Z","8","Bubar, Coboy Junior Menggelar Konser Perpisahan http://t.co/z8QaGSWYD2","431432959350939648","","","in","","0","19","86","https://x.com/Metro_TV/status/431432959350939648","57261519","Metro_TV"
"431427312223916032","2014-02-06T14:01:01.000Z","1","Vote Konser Netmovement Suara Untuk Negeri dibuka sampai tgl 9 Feb. So, buruan berpartisipasi dukung finalis favorit km. #NETKonserBandung","431427312223916032","","","in","","0","3","4","https://x.com/mdtvindonesia/status/431427312223916032","978808357","mdtvindonesia"
"431427312207147010","2014-02-06T14:01:01.000Z","1","Vote Konser Netmovement Suara Untuk Negeri dibuka sampai tgl 9 Feb. So, buruan berpartisipasi dukung finalis favorit km. #NETKonserBandung","431427312207147010","","","in","","0","0","3","https://x.com/netmedia_info/status/431427312207147010","118288671","netmedia_info"
"431427251218161664","2014-02-06T14:00:46.000Z","5","Untuk dptin tiket nonton konser kita di Malaysia, gampang bgt kok.  Cukup gabung di http://t.co/XsbBQaHCuy &amp; kumpulkan poinnya ;) @musikkamu","431427251218161664","","","in","","0","1","18","https://x.com/UNGU_Tweet/status/431427251218161664","141086093","UNGU_Tweet"
"431427064692875264","2014-02-06T14:00:02.000Z","1","Yuk, vote video favoritmu disini: http://t.co/373S5jQhAh dukung mereka utk duet bersama Iwan Fals di Konser Netmovement #NETKonserBandung","431427064692875264","","","in","","0","0","2","https://x.com/netmedia_info/status/431427064692875264","118288671","netmedia_info"
"431427064244092928","2014-02-06T14:00:02.000Z","1","Yuk, vote video favoritmu disini: http://t.co/7DDpMboKeH dukung mereka utk duet bersama Iwan Fals di Konser Netmovement #NETKonserBandung","431427064244092928","","","in","","0","0","4","https://x.com/mdtvindonesia/status/431427064244092928","978808357","mdtvindonesia"
"431423849234968577","2014-02-06T13:47:15.000Z","1","Kalo gak salah di palangkarayaRT @rezarachmanp: @dokterdroid @SDAnanto @kinalJKT48 @Hanna_JKT48 oiya versi konser, konser dimana min?...","431423849234968577","","","in","","0","2","0","https://x.com/dokterdroid/status/431423849234968577","164108428","dokterdroid"
"431422682950012928","2014-02-06T13:42:37.000Z","0","Versi konser itu:pRT @SDAnanto: @dokterdroid @kinalJKT48 @rezarachmanp @Hanna_JKT48 #HimawariBukanVersiTheatee hahah","431422682950012928","","","in","","0","1","0","https://x.com/dokterdroid/status/431422682950012928","164108428","dokterdroid"
"431422151778779138","2014-02-06T13:40:31.000Z","0","Bubar, Coboy Junior Gelar Konser Perpisahan - Tempo.co http://t.co/zHidfm9oUM #Balikpapan","431422151778779138","","","in","","0","0","2","https://x.com/IklanBalikpapan/status/431422151778779138","389557442","IklanBalikpapan"
"431419519660085249","2014-02-06T13:30:03.000Z","2","http://t.co/teXb4lNjcv Konser Perpisahan, Kiki Cs Siap Tinggalkan Nama Coboy Junior","431419519660085249","","","in","","0","2","26","https://x.com/KapanLagicom/status/431419519660085249","31355801","KapanLagicom"
"431415861321424896","2014-02-06T13:15:31.000Z","0","14 Feb: Konser 40 Tahun Erros Djarot Berkarya I Plenary Hall JCC I Iwan Fals, The Sigit etc I Info http://t.co/L1w5pFyYLZ","431415861321424896","","","in","","0","1","3","https://x.com/gigsplay/status/431415861321424896","68825482","gigsplay"
"431415533624254466","2014-02-06T13:14:13.000Z","0","Pastikan Bubar, Coboy Junior Gelar Konser Perpisahan http://t.co/6eHq3o2OUV (HalloRiau)","431415533624254466","","","in","","0","1","0","https://x.com/infoRIAU/status/431415533624254466","172425532","infoRIAU"
"431411125624643585","2014-02-06T12:56:42.000Z","5","Buat yg kemarin nggak hadir di Konser Amal HELO #CharityForManado di HRC - JKT, hadir deh SEKARANG di Konser Amal HELO di Colosseum - JKT.!!","431411125624643585","","","in","","0","0","25","https://x.com/slankdotcom/status/431411125624643585","17166826","slankdotcom"
"431410488929300480","2014-02-06T12:54:10.000Z","0","Gimana Kang Ridwan? :) RT @aciieedd: Pak @ridwankamil temenin nonton konser irreplaceable atuh yuk biar ngegalau bareng @KahitnaFull :(","431410488929300480","","","in","","0","0","0","https://x.com/kataKahitna/status/431410488929300480","84981762","kataKahitna"
"431410270800326658","2014-02-06T12:53:18.000Z","3","Bubar, Coboy Junior Gelar Konser Perpisahan http://t.co/ewriy0A9bq","431410270800326658","","","in","","0","7","6","https://x.com/tempodotco/status/431410270800326658","18129942","tempodotco"
"431409451023618048","2014-02-06T12:50:02.000Z","2","http://t.co/n6fLbc44HJ Konser Amal, Once 'Disawer' Rp 10 Juta","431409451023618048","","","in","","0","0","6","https://x.com/KapanLagicom/status/431409451023618048","31355801","KapanLagicom"
"431406636263952384","2014-02-06T12:38:51.000Z","5","#HeloIndonesia adalah tema konser amal malam ini di @ColosseumJKT.  @slankdotcom  brg musisi lain seperti Once, Kikan dll, akn tampil lagi.","431406636263952384","","","in","","0","5","41","https://x.com/AbdeeNegara/status/431406636263952384","27839691","AbdeeNegara"
"431406429207949312","2014-02-06T12:38:02.000Z","0","mungkin kalo konser kan kita bisa undang @weare_BLOCKADE , mereka kan juga penghuni Tribun Utara :) Cc : @ankgasuckma","431406429207949312","","","in","","0","3","9","https://x.com/Green_Nord27/status/431406429207949312","602565388","Green_Nord27"
"431389213716541440","2014-02-06T11:29:38.000Z","0","Nasib Coboy Junior Masih Gelap: ""Ini konser terakhir pakai nama Coboy Junior dan konser terakhir mereka beremp... http://t.co/SvTVLLbGTt","431389213716541440","","","in","","0","0","0","https://x.com/WartaKota/status/431389213716541440","70139265","WartaKota"
"431387280222068737","2014-02-06T11:21:57.000Z","0","Sebelum Bubar ""Coboy Junior"" Gelar Konser Perpisahan http://t.co/kZ7h1G9wce","431387280222068737","","","in","","0","3","2","https://x.com/Beritasatu/status/431387280222068737","154102750","Beritasatu"
"431383861079965696","2014-02-06T11:08:21.000Z","0","Akupun mau :)) RT @alfdjones: KartuPos kalo ada konser Coldplay yg deket lagi kabarin dong :D","431383861079965696","","","in","","0","5","0","https://x.com/KartuPos/status/431383861079965696","532018404","KartuPos"
"431383148044107776","2014-02-06T11:05:31.000Z","1","Biasanya aku bikin trip kalau sudah ngerasain sendiri. Suka sama Iceland, aku bikin. Cinta sama New York, buat. Seneng nonton konser, ayo.","431383148044107776","","","in","","0","4","0","https://x.com/KartuPos/status/431383148044107776","532018404","KartuPos"
"431380870604156928","2014-02-06T10:56:28.000Z","0","(1/4) NET ingin beri apresiasi bagi kamu yg komen keren bagi Konser Iwan Fals Suara Untuk Negeri Medan. Buat kamu yg akunnya mimin sebut...","431380870604156928","","","in","","0","1","4","https://x.com/mdtvindonesia/status/431380870604156928","978808357","mdtvindonesia"
"431379739215818752","2014-02-06T10:51:59.000Z","13","#1Dinfo Slama3thn,1D udh bikin3Album,buat8lgu terpopuler,Dpt5RekorDunia,konser dilebih 100Negara,Dpt130Penghargaan&amp;MemilikiFansTerbanyak :')","431379739215818752","","","in","","0","2","102","https://x.com/onedindonessia/status/431379739215818752","511390661","onedindonessia"
"431375951688368128","2014-02-06T10:36:56.000Z","1","Bubar, Coboy Junior Adakan Konser Perpisahan http://t.co/QfLGFHXBsx","431375951688368128","","","in","","0","0","11","https://x.com/banjarmasinpost/status/431375951688368128","65639033","banjarmasinpost"
"431375258290257920","2014-02-06T10:34:10.000Z","2","Idol Grupnya Pinter, ngasilin banyak duit. Penggemarnya ya bego, nabung buat nonton konser, pengen foto bareng hrs ngedit, salaman bayar","431375258290257920","","","in","","0","10","98","https://x.com/negativisme/status/431375258290257920","43486890","negativisme"
"431375026005110785","2014-02-06T10:33:15.000Z","2","Apa Makna Konser Perpisahan Coboy Junior? http://t.co/8Hq3D5Hz0Z","431375026005110785","","","in","","0","1","11","https://x.com/detikhot/status/431375026005110785","137282671","detikhot"
"431374394439774208","2014-02-06T10:30:44.000Z","0","Kapan lagi nonton Konser @Cherrybelleindo .Mumpung dekat di Cirebon lho. Tiketnya Hub @Locomotiv_CNVX atau @CirebonTiket","431374394439774208","","","in","","0","0","0","https://x.com/AboutCirebonID/status/431374394439774208","278855466","AboutCirebonID"
"431372346536898561","2014-02-06T10:22:36.000Z","4","Coboy Junior Siap Gelar Konser Perpisahan http://t.co/1TnG5e21VM","431372346536898561","","","in","","0","1","15","https://x.com/detikhot/status/431372346536898561","137282671","detikhot"
"431367176239726592","2014-02-06T10:02:03.000Z","0","Konser Megah di 40 Tahun Erros Djarot Berkarya, Dapatkan Tiketnya di sini http://t.co/BSHafO34Bp Plenary Hall JCC 14 Februari 2014","431367176239726592","","","in","","0","0","0","https://x.com/tiket/status/431367176239726592","276788200","tiket"
"431356387864477696","2014-02-06T09:19:11.000Z","1","Setelah ""Konser Perpisahan"" 23 Februari Nanti, Coboy Junior BUBAR! http://t.co/vuq3cfoHGt","431356387864477696","","","in","","0","1","8","https://x.com/tabloidbintang/status/431356387864477696","95854816","tabloidbintang"
"431356315596640256","2014-02-06T09:18:54.000Z","0","Setelah ""Konser Perpisahan"" 23 Februari Nanti, Coboy Junior Akan Tinggal Kenangan http://t.co/vuq3cfoHGt","431356315596640256","","","in","","0","0","5","https://x.com/tabloidbintang/status/431356315596640256","95854816","tabloidbintang"
"431354129467076608","2014-02-06T09:10:13.000Z","2","Hadiahnya? 6 tiket konser Bruno Mars : Moonshine Jungle Tour untuk 3 pasangan yang beruntung :D ayoo ikutan #ValentineFairLawson","431354129467076608","","","in","","0","1","0","https://x.com/LawsonIndonesia/status/431354129467076608","296605257","LawsonIndonesia"
"431350309034942464","2014-02-06T08:55:02.000Z","1","Konser 40 Tahun Erros Djarot Berkarya http://t.co/BzDo6hJPkC","431350309034942464","","","in","","0","0","2","https://x.com/gigsplay/status/431350309034942464","68825482","gigsplay"
"431344011194818560","2014-02-06T08:30:00.000Z","1","Glenn Fredly Konser Teater Sabda Rindu || 26 Mar 2014 || Graha Bakti Budaya Taman Ismail Marzuki #JustClick http://t.co/rtWR93eTll","431344011194818560","","","in","","0","1","3","https://x.com/rajakarcis/status/431344011194818560","85624851","rajakarcis"
"431342593457152001","2014-02-06T08:24:22.000Z","2","Konser Peduli Bencana 
 http://t.co/MRF6L8WlJE","431342593457152001","","","in","","0","0","0","https://x.com/hariankompas/status/431342593457152001","255866913","hariankompas"
"431341940122996736","2014-02-06T08:21:47.000Z","0","B.A.P Siap Adakan Konser Eksklusif Maret Mendatang http://t.co/2IHtd7ZiIz","431341940122996736","","","in","","0","0","3","https://x.com/ShareInfoBaik/status/431341940122996736","385402204","ShareInfoBaik"
"431333956479246336","2014-02-06T07:50:03.000Z","2","http://t.co/A9c6hVN2zJ Konser Koin, Slank Kumpulkan Rp 160 Juta Untuk Manado","431333956479246336","","","in","","0","0","8","https://x.com/KapanLagicom/status/431333956479246336","31355801","KapanLagicom"
"431327167494893568","2014-02-06T07:23:05.000Z","0","[Showbiz] Konser Puluhan Musisi Bantu Korbgan Sinabung http://t.co/jwGBWuRZ1H","431327167494893568","","","in","","0","0","0","https://x.com/pikiran_rakyat/status/431327167494893568","58880688","pikiran_rakyat"
"431322291884933120","2014-02-06T07:03:42.000Z","0","Sebentar lagi akan ada kuis @RollingStoneIna, berhadiah 3 Free Entry Pass Konser @ARILASSO_INFO di @RSCafeINA  tgl 19/02/14. #RSIQUIZ","431322291884933120","","","in","","0","0","3","https://x.com/RollingStoneINA/status/431322291884933120","51796251","RollingStoneINA"
"431321362410377216","2014-02-06T07:00:01.000Z","0","Saksikan Konser &amp; Launching Mini Album @Aligovocalmusic | FREE Entry | 16-02-20 di Kampoeng Popsa (13.00-16.30 wita)","431321362410377216","","","in","","0","0","1","https://x.com/SupirPete2/status/431321362410377216","172790109","SupirPete2"
"431315448097820672","2014-02-06T06:36:30.000Z","0","Abdee Slank dkk Gelar Konser Amal untuk Korban Bencana Alam http://t.co/7HC1CQX3pC","431315448097820672","","","in","","0","0","2","https://x.com/LangitMusik/status/431315448097820672","115588582","LangitMusik"
"431305164188692480","2014-02-06T05:55:39.000Z","15","#SlankDiary Di Konser #HELO tadi malam, personil SLANK ada yg mendadak lelang gitar lho ~&gt; http://t.co/dDxlW1GFO1 http://t.co/WU8XM9jIQK","431305164188692480","https://pbs.twimg.com/media/BfvC7fICUAARaQT.jpg","","in","","0","2","62","https://x.com/slankdotcom/status/431305164188692480","17166826","slankdotcom"
"431303775178219521","2014-02-06T05:50:07.000Z","0","http://t.co/a09xhoo2Tp Niall Horan Temui Taylor Swift Sebelum Konser di Inggris?","431303775178219521","","","in","","0","2","13","https://x.com/KapanLagicom/status/431303775178219521","31355801","KapanLagicom"
"431301734594396160","2014-02-06T05:42:01.000Z","8","Hadir yah di Konser Amal #HELO Colosseum Club - JKT!! Sore ini mulai jam 18.00 WIB HARI INI!! http://t.co/XuacUyQ4Jp  http://t.co/1f5dcgiGHn","431301734594396160","https://pbs.twimg.com/media/BfvBfFECMAAaBPe.jpg","","in","","0","5","41","https://x.com/slankdotcom/status/431301734594396160","17166826","slankdotcom"
"431298733683138560","2014-02-06T05:30:05.000Z","2","Dara Beberkan Persiapan 2NE1 Menjelang Konser http://t.co/iYJEW1N1pI","431298733683138560","","","in","","0","0","3","https://x.com/liputan6dotcom/status/431298733683138560","47596019","liputan6dotcom"
"431283739726184448","2014-02-06T04:30:31.000Z","0","Inilah lay out dan harga tiket konser Cherrybelle di Cirebon http://t.co/tUETxEQnWM Pembelian tiket hub @Locomotiv_CNVX atau @CirebonTiket","431283739726184448","","","in","","0","0","0","https://x.com/AboutCirebonID/status/431283739726184448","278855466","AboutCirebonID"
"431274097654247424","2014-02-06T03:52:12.000Z","0","Minggu dpn mulai live di Konser Nominasi..setiap hari juga pk.18.00 WIB RT @DagusThione: @DAcademyID info ... http://t.co/Czfa2keXzU","431274097654247424","","","in","","0","1","2","https://x.com/DAcademyID/status/431274097654247424","2150507534","DAcademyID"
"431268600197169153","2014-02-06T03:30:21.000Z","0","Smg berkah:-)""@cantsaynotohope: Tadi malam, ada yang kasih sumbangan di konser ""Senandung Untuk Negeri"" sebanyak 100 juta rupiah, tunai! :O""","431268600197169153","","","in","","0","0","5","https://x.com/payungteduh/status/431268600197169153","195416287","payungteduh"
"431255942202925057","2014-02-06T02:40:03.000Z","3","http://t.co/vtAuKZZNTJ Peduli Bencana, Para Musisi Hebat Gelar Konser Koin!","431255942202925057","","","in","","0","0","6","https://x.com/KapanLagicom/status/431255942202925057","31355801","KapanLagicom"
"431246664381526016","2014-02-06T02:03:11.000Z","2","Supergirlies Ngedangdut, IDP Akustikan di Konser KOIN http://t.co/ou97FHnDay via @detikhot","431246664381526016","","","in","","0","1","13","https://x.com/detikcom/status/431246664381526016","69183155","detikcom"
"431242303911776256","2014-02-06T01:45:52.000Z","1","Supergirlies Ngedangdut, IDP Akustikan di Konser KOIN http://t.co/6PaXGxHpBR","431242303911776256","","","in","","0","1","3","https://x.com/detikhot/status/431242303911776256","137282671","detikhot"
"431241929649836032","2014-02-06T01:44:22.000Z","6","Mudah2an aja ada yg ngundang kesana ya ""@RizkiMArtin29: @ViaVallen01. Kak vy kapan nih gelar konser di ... http://t.co/f3PWPhuPR0","431241929649836032","","","in","","0","3","5","https://x.com/ViaVallen01/status/431241929649836032","237330187","ViaVallen01"
"431233454626177024","2014-02-06T01:10:42.000Z","17","Dengan menyesal menginformasikan pembatalan konser di Cengkareng, 8 Feb karena masalah perijinan dari kepolisian.... http://t.co/MKRJ1evHVU","431233454626177024","","","in","","0","53","291","https://x.com/SID_Official/status/431233454626177024","77950723","SID_Official"
"431230986597453825","2014-02-06T01:00:53.000Z","0","BANDUNG!!! Bersiap ya, Konser ""Suara Untuk Negeri"" bersama Iwan Fals akan datang ke kotamu. #NETKonserBandung http://t.co/jjrbYj1Yzl","431230986597453825","","","in","","0","0","5","https://x.com/netmedia_info/status/431230986597453825","118288671","netmedia_info"
"431230986320642048","2014-02-06T01:00:53.000Z","0","BANDUNG!!! Bersiap ya, Konser ""Suara Untuk Negeri"" bersama Iwan Fals akan datang ke kotamu. #NETKonserBandung http://t.co/8093cEYzu0","431230986320642048","","","in","","0","0","18","https://x.com/mdtvindonesia/status/431230986320642048","978808357","mdtvindonesia"
"431222334129590273","2014-02-06T00:26:30.000Z","1","Konser KOIN Sumbang Rp 400 Juta untuk Manado http://t.co/m8S39DarEx","431222334129590273","","","in","","0","0","5","https://x.com/detikhot/status/431222334129590273","137282671","detikhot"
"431222192601178112","2014-02-06T00:25:57.000Z","3","Konser KOIN Sumbang Rp 400 Juta untuk Manado http://t.co/nATIbz5Srw via @detikhot","431222192601178112","","","in","","0","0","24","https://x.com/detikcom/status/431222192601178112","69183155","detikcom"
"431218013308600321","2014-02-06T00:09:20.000Z","0","@Ranergltm gan, nadila fleur special konser semarang nya 30k oke. Cod minggu tgl 9 ya.","431218013308600321","","Ranergltm","in","","0","0","0","https://x.com/sipiqi/status/431218013308600321","221879267","sipiqi"
"431214227181674496","2014-02-05T23:54:17.000Z","0","http://t.co/Ph251w0E2u Gelar Konser Perpisahan, Tanda Coboy Junior Bakal Bubar?: Kabar meng... http://t.co/2UGcZ6TSYT Local Breaking News","431214227181674496","","","in","","0","0","0","https://x.com/tribuntimur/status/431214227181674496","80885324","tribuntimur"
"431206613249036288","2014-02-05T23:24:02.000Z","1","[VIDEO] Abdee Slank dkk Gelar Konser Amal untuk Korban Bencana Alam http://t.co/VfPRxORPK0","431206613249036288","","","in","","0","0","7","https://x.com/liputan6dotcom/status/431206613249036288","47596019","liputan6dotcom"
"431204258419965953","2014-02-05T23:14:41.000Z","0","Michael Learns To Rock Bakal Konser di Gandaria City Jakarta: Michael Learns To Rock menyambangi Jakarta dalam... http://t.co/8obySEf2I6","431204258419965953","","","in","","0","0","0","https://x.com/WartaKota/status/431204258419965953","70139265","WartaKota"
"431176228452589568","2014-02-05T21:23:18.000Z","0","Seni - Bantu Korban Bencana, Puluhan Artis Gelar Konser   http://t.co/dWo6WSgoAT","431176228452589568","","","in","","0","0","1","https://x.com/temponewsroom/status/431176228452589568","88352716","temponewsroom"
"431152255442509824","2014-02-05T19:48:02.000Z","0","Liputan6 Malam 05-02-2014 3 Konser Penghormatan The Beatles http://t.co/EvMmorXND3","431152255442509824","","","in","","0","0","2","https://x.com/liputan6dotcom/status/431152255442509824","47596019","liputan6dotcom"
"431129091157131265","2014-02-05T18:15:59.000Z","0","Abdee Slank dkk Gelar Konser Amal untuk Korban Bencana Alam http://t.co/e916SrLz1x http://t.co/6cr8ykeBNk","431129091157131265","https://pbs.twimg.com/media/BfuRpfXCEAAm562.jpg","","in","","0","1","8","https://x.com/liputan6dotcom/status/431129091157131265","47596019","liputan6dotcom"
"431116033613914112","2014-02-05T17:24:06.000Z","0","Gitar Abdee ""Slank"" Terjual Rp. 100 Juta di Konser Senandung Untuk Negeri! http://t.co/JteMwISWXD","431116033613914112","","","in","","0","1","44","https://x.com/HaiMagazine/status/431116033613914112","32358893","HaiMagazine"
"431107276297220096","2014-02-05T16:49:18.000Z","2","Slank, Cherrybelle, Pee Wee Gaskins Meriahkan Konser Amal Untuk Manado http://t.co/vJ4BHWfr7f","431107276297220096","","","in","","0","2","52","https://x.com/HaiMagazine/status/431107276297220096","32358893","HaiMagazine"
"431081794536894464","2014-02-05T15:08:03.000Z","1","Abdee Slank dkk Gelar Konser Amal untuk Korban Bencana Alam http://t.co/s3kE62QkB6","431081794536894464","","","in","","0","2","14","https://x.com/liputan6dotcom/status/431081794536894464","47596019","liputan6dotcom"
"431080464108244992","2014-02-05T15:02:46.000Z","0","http://t.co/AZmtiBFzLU Gelar Konser Perpisahan, Coboy Junior Resmi Lepas Iqbaal?","431080464108244992","","","in","","0","0","1","https://x.com/tabloidbintang/status/431080464108244992","95854816","tabloidbintang"
"431075444457082881","2014-02-05T14:42:49.000Z","3","""@Locomotiv_CNVX Dari Cherrybelle u/ konser di Cirebon 8Maret2014 #justclick http://t.co/gxJUAQmKsB @Twibies_MJL @TwibiCRB @OFC_TwibiKabCRB""","431075444457082881","","","ht","","0","0","7","https://x.com/Twibi_Official/status/431075444457082881","313252129","Twibi_Official"
"431057588315492352","2014-02-05T13:31:52.000Z","0","Kapan lagi nonton Konser @Cherrybelleindo .Mumpung dekat di Cirebon lho. Tiketnya Hub @Locomotiv_CNVX atau @CirebonTiket","431057588315492352","","","in","","0","1","0","https://x.com/AboutCirebonID/status/431057588315492352","278855466","AboutCirebonID"
"431057261885390848","2014-02-05T13:30:34.000Z","1","Saksikan Konser ""Suara Untuk Negeri"" 16 Feb jam 8PM di Lap. Brigif 15 Kujang, Bandung. GRATIS! #NETKonserBandung http://t.co/xrq3FKXjDI","431057261885390848","","","in","","0","1","21","https://x.com/mdtvindonesia/status/431057261885390848","978808357","mdtvindonesia"
"431057261805727744","2014-02-05T13:30:34.000Z","1","Saksikan Konser ""Suara Untuk Negeri"" 16 Feb jam 8PM di Lap. Brigif 15 Kujang, Bandung. GRATIS! #NETKonserBandung http://t.co/3hyRuEtIMA","431057261805727744","","","in","","0","1","2","https://x.com/netmedia_info/status/431057261805727744","118288671","netmedia_info"
"431053371735146496","2014-02-05T13:15:07.000Z","11","Sumbangan masuk Konser Amal #HELO Rp.100ribu n' donasi bisa ke Rek BCA 5005601166 a.n bersama Andre J.O Sumual dan Angling Gading Martin","431053371735146496","","","in","","0","2","43","https://x.com/slankdotcom/status/431053371735146496","17166826","slankdotcom"
"431047065309704192","2014-02-05T12:50:03.000Z","1","http://t.co/WdVZ2KbUJt 10 Tahun Berkiprah, Repvblik Siapkan Konser Akbar Gratis","431047065309704192","","","in","","0","0","3","https://x.com/KapanLagicom/status/431047065309704192","31355801","KapanLagicom"
"431046238545248256","2014-02-05T12:46:46.000Z","3","#1dinfo Sony Music IndonesiaOptimis&amp; Akan tetap berusaha agar One Direction bisa konser di Indonesia untuk Where We Are Tour2014 nanti","431046238545248256","","","in","","0","1","77","https://x.com/onedindonessia/status/431046238545248256","511390661","onedindonessia"
"431044454762307585","2014-02-05T12:39:41.000Z","0","Korban Banjir Manado Diusir dalam Konser Amal http://t.co/sFcARNBzNm","431044454762307585","","","in","","0","1","1","https://x.com/Beritasatu/status/431044454762307585","154102750","Beritasatu"
"431038021937270786","2014-02-05T12:14:07.000Z","0","#LoveBox KAHITNA isinya pernak-pernik Soulmate + 2 tiket konser + kesempatan dapet Backstage Access, cek tweet sebelum ini ya :)","431038021937270786","","","in","","0","0","8","https://x.com/kataKahitna/status/431038021937270786","84981762","kataKahitna"
